
INSERT INTO `Modifier` (`id`, `hp`, `hp_bm`, `strength`, `strength_bm`, `dexterity`, `dexterity_bm`, `speed`, `speed_bm`, `magicSkill`, `magicSkill_bm`, `armor`, `armor_bm`, `attack`, `attack_bm`, `defense`, `defense_bm`, `damage`, `damage_bm`, `timeAttack`, `timeAttack_bm`) VALUES
(1, '///////204/', '////////', '/15///////', '////////', '/11///////', '////////', '/7///////', '////////', '/3///////', '////////', '////////', '////////21', '/11///////', '////////', '/7///////', '////////', '/15///////', '////////', '///////8/', '////////'),
(2, '///////184/', '////////', '/7///////', '////////', '/16///////', '////////', '/9///////', '////////', '/5///////', '////////', '////////', '////////', '/16///////', '////////', '/9///////', '////////', '/7///////', '////////', '///////8/', '////////'),
(3, '///////180/', '////////', '/3///////', '////////', '/14///////', '////////', '/5///////', '////////', '/7///////', '////////', '////////', '////////', '/14///////', '////////', '/5///////', '////////', '/3///////', '////////', '///////8/', '////////'),
(4, '///////252/', '////////', '/12///////', '////////-20', '/6///////', '////////', '/5///////', '////////', '/9///////', '////////', '////////', '////////21', '/6///////', '////////', '/5///////', '////////', '/12///////-20', '////////', '///////8/', '////////'),
(5, '///////120/', '////////', '/3///////', '////////', '/4///////', '////////', '/8///////', '////////', '/12///////', '////////', '////////', '////////', '/4///////', '////////', '/8///////', '////////', '/3///////', '////////', '///////8/', '////////'),
(6, '///////200/', '////////', '/10///////', '////////', '/5///////', '////////', '/4///////', '////////', '/11///////', '////////', '////////', '////////', '/5///////', '////////', '/4///////', '////////', '/10///////', '////////', '///////8/', '////////'),
(7, '///////200/', '////////', '/3///////', '////////', '/10///////', '////////', '/5///////', '////////', '/11///////', '////////', '////////', '////////', '/10///////', '////////17', '/5///////', '////////', '/3///////', '////////', '///////8/', '////////'),
(8, '///////200/', '////////', '/3///////', '////////', '/5///////', '////////', '/9///////', '////////', '/11///////', '////////', '////////', '////////', '/5///////', '////////', '/9///////', '////////', '/3///////', '////////', '///////8/', '////////');


INSERT INTO `MemberOption` (`id`, `id_Member`, `fightMsg`, `mailMsg`, `deadMsg`, `view2d`) VALUES
(1, 1, 0, 0, 1, 1),
(2, 2, 0, 0, 0, 1),
(4, 4, 0, 0, 1, 1),
(3, 3, 0, 0, 1, 1),
(5, 5, 0, 0, 0, 1),
(6, 6, 0, 0, 1, 1),
(7, 7, 0, 0, 1, 1),
(8, 8, 0, 0, 1, 1);


INSERT INTO `MemberDetail` (`id`, `id_Member`, `email`, `address`, `postcode`, `city`, `country`, `state`, `phone`, `firstname`, `lastname`, `sex`, `height`, `weight`, `aircolor`, `eyecolor`, `born`, `job`, `smoker`) VALUES
(1, 1, 'sqdfsf@sdf.fr', '', 0, '', '', '', '', '', '', 'M', 0, 0, '', '', '0000-00-00', '', '0'),
(2, 2, 'sfdsf@fse.fr', '', 0, '', '', '', '', '', '', 'M', 0, 0, '', '', '0000-00-00', '', '0'),
(3, 3, '', '', 0, '', '', '', '', '', '', 'M', 0, 0, '', '', '0000-00-00', '', '0'),
(4, 4, 'sdfdf@kng', '', 0, '', '', '', '', '', '', 'M', 0, 0, '', '', '0000-00-00', '', '0'),
(5, 5, 'guerisseur@nacridan.com', '', 0, '', '', '', '', '', '', 'M', 0, 0, '', '', '0000-00-00', '', '0'),
(6, 6, 'protecteur@nacridan.com', '', 0, '', '', '', '', '', '', 'M', 0, 0, '', '', '0000-00-00', '', '0'),
(7, 7, 'destructeur@nacridan.com', '', 0, '', '', '', '', '', '', 'M', 0, 0, '', '', '0000-00-00', '', '0'),
(8, 8, 'abjurateur@nacridan.com', '', 0, '', '', '', '', '', '', 'M', 0, 0, '', '', '0000-00-00', '', '0');


INSERT INTO `Member` (`id`, `login`, `password`, `authlevel`, `lang`, `utc`, `newplayer`, `display`, `disabled`, `firstlog`, `lastlog`) VALUES
(1, 'Guerrier', 'Guerrier', 0, 'fr', 'Europe/Paris', 0, 0, 0, '0000-00-00 00:00:00', '2012-07-17 14:43:20'),
(2, 'Voleur', 'Voleur', 0, 'fr', 'Europe/Paris', 0, 0, 0, '0000-00-00 00:00:00', '2012-07-21 12:23:54'),
(4, 'Paladin', 'Paladin', 0, 'fr', 'Europe/Paris', 0, 0, 0, '0000-00-00 00:00:00', '2012-07-21 12:25:44'),
(3, 'Archer', 'Archer', 0, 'fr', 'Europe/Paris', 0, 0, 0, '0000-00-00 00:00:00', '2012-07-23 12:12:15'),
(5, 'Guérisseur', 'Guérisseur', 0, 'fr', 'Europe/Paris', 0, 0, 0, '0000-00-00 00:00:00', '2012-07-15 16:46:17'),
(6, 'Protecteur', 'Protecteur', 0, 'fr', 'Europe/Paris', 0, 0, 0, '0000-00-00 00:00:00', '2012-07-23 12:38:06'),
(7, 'Destructeur', 'Destructeur', 0, 'fr', 'Europe/Paris', 0, 0, 0, '0000-00-00 00:00:00', '2012-07-22 16:17:07'),
(8, 'Abjurateur', 'Abjurateur', 0, 'fr', 'Europe/Paris', 0, 0, 0, '0000-00-00 00:00:00', '2012-07-23 12:42:53');


INSERT INTO `Player` (`id`, `id_Member`, `id_World`, `id_Team`, `id_BasicRace`, `id_Modifier`, `id_Upgrade`, `id_Detail`, `id_Mission`, `id_Caravan`, `id_FighterGroup`, `id_City`, `name`, `gender`, `racename`, `x`, `y`, `map`, `level`, `merchant_level`, `xp`, `ap`, `currhp`, `hp`, `money`, `moneyBank`, `state`, `status`, `resurrectid`, `resurrect`, `levelUp`, `overload`, `hidden`, `recall`, `incity`, `inbuilding`, `room`, `fightStyle`, `id_Player$target`, `behaviour`, `nbkill`, `nbdeath`, `nbkillpc`, `curratb`, `playatb`, `nextatb`, `creation`, `disabled`, `authlevel`, `ip`, `ip_data`, `advert`, `Quest_Received`, `atb`, `totalip`, `resurrectx`, `resurrecty`, `arenax`, `arenay`, `lastdeath`, `lastarena`, `inarena`, `moneyHistory`) VALUES
(1, 1, 1, 0, 3, 1, 1, 1, 0, 0, 358, 0, 'Guerrier', 'M', 'Nain', 254, 277, 1, 14, 0, 44, 12, 173, 204, 3090, 0, 'walking', 'PC', 815, 0, 0, 0, 0, 0, 0, 0, 0, 0, 0, 0, 122, 6, 4, '2012-07-15 20:34:00', '2012-07-16 08:34:00', '2012-07-16 20:34:00', '0000-00-00 00:00:00', 0, 0, '193.52.246.36', 0, 0, '', 720, 0, 468, 375, 0, 0, '2012-06-24 14:21:38', '0000-00-00 00:00:00', 0, 'a:10:{i:0;s:4:"3090";i:1;s:4:"3090";i:2;s:4:"3090";i:3;s:4:"3090";i:4;s:4:"3090";i:5;s:4:"3090";i:6;s:4:"3090";i:7;s:4:"3090";i:8;s:4:"3090";i:9;s:4:"3090";}'),
(2, 2, 1, 0, 1, 2, 2, 2, 0, 0, 14, 0, 'Voleur', 'M', 'Humain', 293, 323, 1, 24, 1, 300, 0.5, 74, 184, 0, 0, 'walking', 'PC', 815, 0, 0, 0, 0, 0, 0, 0, 1, 0, 0, 0, 51, 3, 1, '2012-07-20 00:00:00', '2012-07-21 12:00:00', '2012-07-22 00:00:00', '0000-00-00 00:00:00', 0, 0, '87.91.196.193', 0, 0, '', 720, 0, 120, 90, 0, 0, '2012-06-21 14:44:27', '0000-00-00 00:00:00', 0, 'a:10:{i:0;s:1:"0";i:1;s:1:"0";i:2;s:1:"0";i:3;s:1:"0";i:4;s:1:"0";i:5;s:1:"0";i:6;s:1:"0";i:7;s:1:"0";i:8;s:1:"0";i:9;s:1:"0";}'),
(3, 3, 0, 0, 2, 3, 3, 3, 0, 0, 14, 0, 'Archer', 'M', 'Elfe', 230, 330, 1, 12, 1, 77, 12, 261, 180, 670, 0, 'walking', 'PC', 815, 0, 0, 0, 0, 0, 0, 0, 0, 0, 0, 0, 14, 0, 0, '2012-07-23 01:00:00', '2012-07-23 13:00:00', '2012-07-24 01:00:00', '2012-02-21 00:00:00', 0, 0, '90.0.201.166', 0, 0, '', 720, 0, 0, 0, 0, 0, '0000-00-00 00:00:00', '0000-00-00 00:00:00', 0, 'a:10:{i:0;s:3:"670";i:1;s:3:"670";i:2;s:3:"670";i:3;s:3:"670";i:4;s:3:"670";i:5;s:3:"670";i:6;s:3:"670";i:7;s:3:"670";i:8;s:3:"670";i:9;s:3:"670";}'),
(4, 4, 1, 0, 4, 4, 4, 4, 0, 0, 358, 0, 'Paladin', 'F', 'Dorane', 278, 328, 1, 12, 1, 134, 12, 182, 252, 872, 0, 'walking', 'PC', 815, 0, 0, 0, 0, 0, 0, 0, 0, 0, 0, 0, 6, 3, 0, '2012-07-18 01:01:00', '2012-07-21 13:01:00', '2012-07-22 01:01:00', '0000-00-00 00:00:00', 0, 0, '87.91.196.193', 0, 0, '', 720, 0, 480, 355, 0, 0, '2011-11-24 20:36:32', '0000-00-00 00:00:00', 0, 'a:10:{i:0;s:3:"872";i:1;s:3:"872";i:2;s:3:"872";i:3;s:3:"872";i:4;s:3:"872";i:5;s:3:"872";i:6;s:3:"872";i:7;s:3:"872";i:8;s:3:"872";i:9;s:3:"872";}'),
(5, 5, 0, 0, 4, 5, 5, 5, 0, 0, 0, 0, 'Guérisseur', 'M', 'Dorane', 253, 278, 1, 12, 1, 3, 12, 120, 120, 775, 0, 'turtle', 'PC', 815, 0, 0, 0, 0, 0, 0, 0, 0, 0, 0, 0, 0, 0, 0, '2012-07-15 01:00:00', '2012-07-15 13:00:00', '2012-07-16 01:00:00', '0000-00-00 00:00:00', 0, 0, '87.91.196.193', 0, 0, '', 720, 0, 0, 0, 0, 0, '0000-00-00 00:00:00', '0000-00-00 00:00:00', 0, 'a:10:{i:0;s:3:"775";i:1;s:4:"1000";i:2;s:4:"1000";i:3;s:4:"1000";i:4;s:4:"1000";i:5;s:4:"1000";i:6;s:4:"1000";i:7;s:4:"1000";i:8;s:4:"1000";i:9;s:4:"1000";}'),
(6, 6, 0, 0, 1, 6, 6, 6, 0, 0, 0, 0, 'Protecteur', 'M', 'Humain', 472, 363, 1, 12, 1, 6, 12, 150, 200, 0, 0, 'walking', 'PC', 815, 0, 0, 0, 0, 0, 0, 0, 0, 0, 0, 0, 0, 1, 0, '2012-07-16 01:00:00', '2012-07-23 13:00:00', '2012-07-24 01:00:00', '2012-01-31 00:00:00', 0, 0, '87.91.196.193', 0, 0, '', 720, 0, 0, 0, 0, 0, '2012-02-12 15:03:51', '0000-00-00 00:00:00', 0, 'a:10:{i:0;s:1:"0";i:1;s:1:"0";i:2;s:1:"0";i:3;s:1:"0";i:4;s:1:"0";i:5;s:1:"0";i:6;s:1:"0";i:7;s:1:"0";i:8;s:1:"0";i:9;s:1:"0";}'),
(7, 7, 0, 0, 1, 7, 7, 7, 0, 0, 0, 0, 'Destructeur', 'M', 'Humain', 300, 320, 1, 0, 1, 32, 190, 200, 200, 488492, 0, 'walking', 'PC', 815, 0, 0, 0, 0, 0, 0, 0, 0, 0, 0, 0, 1, 0, 1, '2012-07-22 13:00:00', '2012-07-22 13:00:00', '2012-07-23 01:00:00', '0000-00-00 00:00:00', 0, 0, '87.91.196.193', 0, 0, '', 720, 0, 0, 0, 0, 0, '0000-00-00 00:00:00', '0000-00-00 00:00:00', 0, 'a:10:{i:0;s:6:"488492";i:1;s:6:"488492";i:2;s:6:"488492";i:3;s:6:"488492";i:4;s:6:"488492";i:5;s:6:"488492";i:6;s:6:"488492";i:7;s:6:"488492";i:8;s:6:"488492";i:9;s:6:"488492";}'),
(8, 8, 0, 0, 1, 8, 8, 8, 0, 0, 0, 0, 'Abjurateur', 'M', 'Humain', 103, 139, 1, 0, 1, 0, 8.5, 200, 200, 370157, 0, 'walking', 'PC', 815, 0, 0, 0, 0, 0, 0, 1380, 1, 0, 0, 0, 0, 0, 0, '2012-07-20 01:00:00', '2012-07-23 13:00:00', '2012-07-24 01:00:00', '0000-00-00 00:00:00', 0, 0, '87.91.196.193', 0, 0, '', 720, 0, 0, 0, 0, 0, '0000-00-00 00:00:00', '0000-00-00 00:00:00', 0, 'a:10:{i:0;s:6:"370157";i:1;s:6:"370157";i:2;s:6:"370157";i:3;s:6:"370157";i:4;s:6:"370157";i:5;s:6:"370157";i:6;s:6:"370157";i:7;s:6:"370157";i:8;s:6:"370157";i:9;s:6:"370157";}');


INSERT INTO `Ability` (`id`, `id_Player`, `id_BasicAbility`, `skill`) VALUES
(1, 1, 1, 90),
(2, 1, 9, 90),
(3, 1, 4, 90),
(4, 1, 5, 90),
(5, 1, 6, 90),
(6, 1, 9, 90),
(7, 1, 10, 90),
(8, 2, 2, 90),
(9, 2, 7, 90),
(10, 2, 8, 90),
(11, 2, 17, 90),
(12, 2, 11, 90),
(13, 2, 23, 90),
(14, 3, 2, 90),
(15, 3, 18, 90),
(16, 3, 19, 90),
(17, 3, 20, 90),
(18, 3, 21, 90),
(19, 3, 22, 90),
(20, 4, 3, 90),
(21, 4, 12, 90),
(22, 4, 13, 90),
(23, 4, 14, 90),
(24, 4, 15, 90),
(25, 4, 16, 90);


INSERT INTO `MagicSpell` (`id`, `id_Player`, `id_BasicMagicSpell`, `skill`) VALUES

(2, 5, 3, 87),
(3, 5, 4, 87),
(4, 5, 5, 87),
(5, 5, 6, 89),
(6, 5, 16, 87),
(7, 5, 17, 87),
(8, 5, 18, 87),
(9, 6, 2, 87),
(10, 6, 7, 87),
(11, 6, 8, 88),
(12, 6, 15, 87),
(13, 6, 10, 87),
(14, 6, 19, 87),
(15, 6, 9, 87),
(16, 7, 1, 87),
(17, 7, 12, 87),
(18, 7, 13, 87),
(19, 7, 14, 87),
(20, 7, 20, 87),
(21, 7, 11, 87),
(35, 7, 27, 51),
(22, 8, 2, 87),
(23, 8, 21, 87),
(24, 8, 22, 87),
(25, 8, 23, 87),
(26, 8, 24, 87),
(27, 8, 25, 87),
(31, 8, 4, 50);


INSERT INTO `Talent` (`id`, `id_Player`, `id_BasicTalent`, `skill`) VALUES
(1, 1, 1, 90),
(2, 1, 5, 90),
(3, 1, 7, 90),
(4, 1, 14, 90),
(5, 2, 2, 90),
(6, 2, 10, 90),
(7, 2, 16, 90),
(8, 3, 6, 90),
(9, 3, 8, 90),
(10, 3, 20, 90),
(11, 3, 2, 90),
(12, 3, 9, 90),
(13, 3, 15, 90),
(14, 4, 3, 90),
(15, 4, 4, 90),
(16, 4, 11, 90),
(17, 4, 12, 90),
(18, 4, 17, 90),
(19, 4, 19, 90),
(20, 5, 13, 90),
(21, 5, 18, 90);


INSERT INTO `Upgrade` (`id`, `hp`, `strength`, `dexterity`, `speed`, `magicSkill`) VALUES
(1, 0, 0, 0, 0, 0),
(2, 0, 0, 0, 0, 0),
(3, 0, 0, 0, 0, 0),
(4, 0, 0, 0, 0, 0),
(5, 0, 0, 0, 0, 0),
(6, 0, 0, 0, 0, 0),
(7, 0, 0, 0, 0, 0),
(8, 0, 0, 0, 0, 0);