INSERT INTO `Player` (`id`, `id_Member`, `id_World`, `id_Team`, `id_BasicRace`, `id_Modifier`, `id_Upgrade`, `id_Detail`, `id_Mission`, `id_Caravan`, `id_FighterGroup`, `id_City`, `name`, `gender`, `racename`, `x`, `y`, `map`, `level`, `merchant_level`, `xp`, `ap`, `currhp`, `hp`, `money`, `moneyBank`, `state`, `status`, `resurrectid`, `resurrect`, `levelUp`, `overload`, `hidden`, `prison`, `recall`, `incity`, `inbuilding`, `room`, `fightStyle`, `id_Player$target`, `behaviour`, `nbkill`, `nbdeath`, `nbkillpc`, `curratb`, `playatb`, `nextatb`, `creation`, `disabled`, `authlevel`, `ip`, `ip_data`, `advert`, `Quest_Received`, `atb`, `totalip`, `resurrectx`, `resurrecty`, `arenax`, `arenay`, `lastdeath`, `lastarena`, `inarena`, `moneyHistory`) VALUES
(1000, 0, 0, 0, 5, 1000, 1000, 0, 0, 0, 0, 0, 'Garde d''Artasse', 'M', 'Humain', 464, 375, 1, 50, 1, 0, 12, 545, 545, 0, 0, 'walking', 'NPC', 0, 0, 0, 0, 0, 0, 0, 0, 1076, 19, 2, 0, 1000, 1, 0, 1, '2012-07-29 16:26:57', '2012-07-29 16:26:57', '2012-07-28 04:26:57', '2012-07-29 13:45:45', 0, 0, '127.0.0.1', 0, 0, '', 720, 0, 0, 0, 0, 0, '0000-00-00 00:00:00', '0000-00-00 00:00:00', 0, 'a:10:{i:0;s:1:"0";i:1;s:1:"0";i:2;s:1:"0";i:3;s:1:"0";i:4;s:1:"0";i:5;s:1:"0";i:6;s:1:"0";i:7;s:1:"0";i:8;s:1:"0";i:9;s:1:"0";}'),
(1001, 0, 0, 0, 5, 1001, 1001, 0, 0, 0, 0, 0, 'Garde d''Artasse', 'M', 'Dorane', 464, 375, 1, 50, 1, 0, 12, 305, 305, 0, 0, 'walking', 'NPC', 0, 0, 0, 0, 0, 0, 0, 0, 1076, 19, 4, 0, 1000, 1, 0, 1, '2012-07-29 16:26:57', '2012-07-29 16:26:57', '2012-07-28 04:26:57', '2012-07-29 13:45:45', 0, 0, '127.0.0.1', 0, 0, '', 720, 0, 0, 0, 0, 0, '0000-00-00 00:00:00', '0000-00-00 00:00:00', 0, 'a:10:{i:0;s:1:"0";i:1;s:1:"0";i:2;s:1:"0";i:3;s:1:"0";i:4;s:1:"0";i:5;s:1:"0";i:6;s:1:"0";i:7;s:1:"0";i:8;s:1:"0";i:9;s:1:"0";}'),
(1002, 0, 0, 0, 5, 1002, 1002, 0, 0, 0, 0, 0, 'Garde d''Artasse', 'M', 'Humain', 464, 375, 1, 50, 1, 0, 12, 575, 575, 0, 0, 'walking', 'NPC', 0, 0, 0, 0, 0, 0, 0, 0, 1076, 19, 2, 0, 1000, 1, 0, 1, '2012-07-29 16:26:57', '2012-07-29 16:26:57', '2012-07-28 04:26:57', '2012-07-29 13:45:45', 0, 0, '127.0.0.1', 0, 0, '', 720, 0, 0, 0, 0, 0, '0000-00-00 00:00:00', '0000-00-00 00:00:00', 0, 'a:10:{i:0;s:1:"0";i:1;s:1:"0";i:2;s:1:"0";i:3;s:1:"0";i:4;s:1:"0";i:5;s:1:"0";i:6;s:1:"0";i:7;s:1:"0";i:8;s:1:"0";i:9;s:1:"0";}'),
(1003, 0, 0, 0, 5, 1003, 1003, 0, 0, 0, 0, 0, 'Garde d''Artasse', 'M', 'Dorane', 464, 375, 1, 50, 1, 0, 12, 290, 290, 0, 0, 'walking', 'NPC', 0, 0, 0, 0, 0, 0, 0, 0, 1076, 19, 4, 0, 1000, 1, 0, 1, '2012-07-29 16:26:57', '2012-07-29 16:26:57', '2012-07-28 04:26:57', '2012-07-29 13:45:45', 0, 0, '127.0.0.1', 0, 0, '', 720, 0, 0, 0, 0, 0, '0000-00-00 00:00:00', '0000-00-00 00:00:00', 0, 'a:10:{i:0;s:1:"0";i:1;s:1:"0";i:2;s:1:"0";i:3;s:1:"0";i:4;s:1:"0";i:5;s:1:"0";i:6;s:1:"0";i:7;s:1:"0";i:8;s:1:"0";i:9;s:1:"0";}'),
(1004, 0, 0, 0, 5, 1004, 1004, 0, 0, 0, 0, 0, 'Garde d''Artasse', 'M', 'Humain', 464, 375, 1, 50, 1, 0, 12, 605, 605, 0, 0, 'walking', 'NPC', 0, 0, 0, 0, 0, 0, 0, 0, 1076, 19, 2, 0, 1000, 1, 0, 1, '2012-07-29 16:26:57', '2012-07-29 16:26:57', '2012-07-28 04:26:57', '2012-07-29 13:45:45', 0, 0, '127.0.0.1', 0, 0, '', 720, 0, 0, 0, 0, 0, '0000-00-00 00:00:00', '0000-00-00 00:00:00', 0, 'a:10:{i:0;s:1:"0";i:1;s:1:"0";i:2;s:1:"0";i:3;s:1:"0";i:4;s:1:"0";i:5;s:1:"0";i:6;s:1:"0";i:7;s:1:"0";i:8;s:1:"0";i:9;s:1:"0";}'),
(1005, 0, 0, 0, 5, 1005, 1005, 0, 0, 0, 0, 0, 'Garde d''Artasse', 'M', 'Dorane', 464, 375, 1, 50, 1, 0, 12, 290, 290, 0, 0, 'walking', 'NPC', 0, 0, 0, 0, 0, 0, 0, 0, 1076, 19, 4, 0, 1000, 1, 0, 1, '2012-07-29 16:26:57', '2012-07-29 16:26:57', '2012-07-29 04:26:57', '2012-07-29 13:45:45', 0, 0, '127.0.0.1', 0, 0, '', 720, 0, 0, 0, 0, 0, '0000-00-00 00:00:00', '0000-00-00 00:00:00', 0, 'a:10:{i:0;s:1:"0";i:1;s:1:"0";i:2;s:1:"0";i:3;s:1:"0";i:4;s:1:"0";i:5;s:1:"0";i:6;s:1:"0";i:7;s:1:"0";i:8;s:1:"0";i:9;s:1:"0";}'),
(2000, 0, 0, 0, 5, 2000, 2000, 0, 0, 0, 0, 0, 'Garde d''Earok', 'M', 'Humain', 256, 301, 1, 50, 1, 0, 12, 545, 545, 0, 0, 'walking', 'NPC', 0, 0, 0, 0, 0, 0, 0, 0, 1252, 19, 2, 0, 1000, 0, 0, 0, '2012-07-29 11:57:32', '2012-07-29 11:57:32', '2012-07-28 23:57:32', '2012-07-29 13:47:47', 0, 0, '127.0.0.1', 0, 0, '', 720, 0, 0, 0, 0, 0, '0000-00-00 00:00:00', '0000-00-00 00:00:00', 0, 'a:10:{i:0;s:1:"0";i:1;s:1:"0";i:2;s:1:"0";i:3;s:1:"0";i:4;s:1:"0";i:5;s:1:"0";i:6;s:1:"0";i:7;s:1:"0";i:8;s:1:"0";i:9;s:1:"0";}'),
(2001, 0, 0, 0, 5, 2001, 2001, 0, 0, 0, 0, 0, 'Garde d''Earok', 'M', 'Dorane', 256, 301, 1, 50, 1, 0, 12, 305, 305, 0, 0, 'walking', 'NPC', 0, 0, 0, 0, 0, 0, 0, 0, 1252, 19, 4, 0, 1000, 0, 0, 0, '2012-07-29 11:57:32', '2012-07-29 11:57:32', '2012-07-28 23:57:32', '2012-07-29 13:47:47', 0, 0, '127.0.0.1', 0, 0, '', 720, 0, 0, 0, 0, 0, '0000-00-00 00:00:00', '0000-00-00 00:00:00', 0, 'a:10:{i:0;s:1:"0";i:1;s:1:"0";i:2;s:1:"0";i:3;s:1:"0";i:4;s:1:"0";i:5;s:1:"0";i:6;s:1:"0";i:7;s:1:"0";i:8;s:1:"0";i:9;s:1:"0";}'),
(2002, 0, 0, 0, 5, 2002, 2002, 0, 0, 0, 0, 0, 'Garde d''Earok', 'M', 'Humain', 256, 301, 1, 50, 1, 0, 12, 575, 575, 0, 0, 'walking', 'NPC', 0, 0, 0, 0, 0, 0, 0, 0, 1252, 19, 2, 0, 1000, 0, 0, 0, '2012-07-29 11:57:32', '2012-07-29 11:57:32', '2012-07-28 23:57:32', '2012-07-29 13:47:47', 0, 0, '127.0.0.1', 0, 0, '', 720, 0, 0, 0, 0, 0, '0000-00-00 00:00:00', '0000-00-00 00:00:00', 0, 'a:10:{i:0;s:1:"0";i:1;s:1:"0";i:2;s:1:"0";i:3;s:1:"0";i:4;s:1:"0";i:5;s:1:"0";i:6;s:1:"0";i:7;s:1:"0";i:8;s:1:"0";i:9;s:1:"0";}'),
(2003, 0, 0, 0, 5, 2003, 2003, 0, 0, 0, 0, 0, 'Garde d''Earok', 'M', 'Dorane', 256, 301, 1, 50, 1, 0, 12, 290, 290, 0, 0, 'walking', 'NPC', 0, 0, 0, 0, 0, 0, 0, 0, 1252, 19, 4, 0, 1000, 0, 0, 0, '2012-07-29 11:57:32', '2012-07-29 11:57:32', '2012-07-28 23:57:32', '2012-07-29 13:47:47', 0, 0, '127.0.0.1', 0, 0, '', 720, 0, 0, 0, 0, 0, '0000-00-00 00:00:00', '0000-00-00 00:00:00', 0, 'a:10:{i:0;s:1:"0";i:1;s:1:"0";i:2;s:1:"0";i:3;s:1:"0";i:4;s:1:"0";i:5;s:1:"0";i:6;s:1:"0";i:7;s:1:"0";i:8;s:1:"0";i:9;s:1:"0";}'),
(2004, 0, 0, 0, 5, 2004, 2004, 0, 0, 0, 0, 0, 'Garde d''Earok', 'M', 'Humain', 256, 301, 1, 50, 1, 0, 12, 605, 605, 0, 0, 'walking', 'NPC', 0, 0, 0, 0, 0, 0, 0, 0, 1252, 19, 2, 0, 1000, 0, 0, 0, '2012-07-29 11:57:32', '2012-07-29 11:57:32', '2012-07-28 23:57:32', '2012-07-29 13:47:47', 0, 0, '127.0.0.1', 0, 0, '', 720, 0, 0, 0, 0, 0, '0000-00-00 00:00:00', '0000-00-00 00:00:00', 0, 'a:10:{i:0;s:1:"0";i:1;s:1:"0";i:2;s:1:"0";i:3;s:1:"0";i:4;s:1:"0";i:5;s:1:"0";i:6;s:1:"0";i:7;s:1:"0";i:8;s:1:"0";i:9;s:1:"0";}'),
(2005, 0, 0, 0, 5, 2005, 2005, 0, 0, 0, 0, 0, 'Garde d''Earok', 'M', 'Dorane', 256, 301, 1, 50, 1, 0, 12, 290, 290, 0, 0, 'walking', 'NPC', 0, 0, 0, 0, 0, 0, 0, 0, 1252, 19, 4, 0, 1000, 0, 0, 0, '2012-07-29 11:57:32', '2012-07-29 11:57:32', '2012-07-28 23:57:32', '2012-07-29 13:47:47', 0, 0, '127.0.0.1', 0, 0, '', 720, 0, 0, 0, 0, 0, '0000-00-00 00:00:00', '0000-00-00 00:00:00', 0, 'a:10:{i:0;s:1:"0";i:1;s:1:"0";i:2;s:1:"0";i:3;s:1:"0";i:4;s:1:"0";i:5;s:1:"0";i:6;s:1:"0";i:7;s:1:"0";i:8;s:1:"0";i:9;s:1:"0";}');



INSERT INTO `Modifier` (`id`, `hp`, `hp_bm`, `strength`, `strength_bm`, `dexterity`, `dexterity_bm`, `speed`, `speed_bm`, `magicSkill`, `magicSkill_bm`, `armor`, `armor_bm`, `attack`, `attack_bm`, `defense`, `defense_bm`, `damage`, `damage_bm`, `timeAttack`, `timeAttack_bm`) VALUES
(1002, '///////575/', '////////', '/36///////', '////////', '/22///////', '////////', '/18///////', '////////', '/2///////', '////////', '///////30/', '////////', '/33///////', '///////24/', '/29///////', '////////', '/36///////', '///////46/', '///////8/', '////////'),
(2001, '///////305/', '////////', '/36///////', '////////', '/22///////', '////////', '/18///////', '////////', '/2///////', '////////', '///////30/', '////////', '/33///////', '///////24/', '/29///////', '////////', '/36///////', '///////46/', '///////8/', '////////'),
(2000, '///////545/', '////////', '/36///////', '////////', '/20///////', '////////', '/22///////', '////////', '/2///////', '////////', '///////37/', '////////', '/30///////', '///////36/', '/32///////', '////////', '/36///////', '///////40/', '///////8/', '////////'),
(2003, '///////290/', '////////', '/36///////', '////////', '/20///////', '////////', '/22///////', '////////', '/2///////', '////////', '///////37/', '////////', '/30///////', '///////36/', '/32///////', '////////', '/36///////', '///////40/', '///////8/', '////////'),
(2004, '///////605/', '////////', '/32///////', '////////', '/29///////', '////////', '/13///////', '////////', '/2///////', '////////', '///////25/', '////////', '/43.5///////', '///////16/', '/27.5///////', '////////', '/32///////', '///////18/', '///////8/', '////////'),
(2002, '///////575/', '////////', '/36///////', '////////', '/22///////', '////////', '/18///////', '////////', '/2///////', '////////', '///////30/', '////////', '/33///////', '///////24/', '/29///////', '////////', '/36///////', '///////46/', '///////8/', '////////'),
(1004, '///////605/', '////////', '/32///////', '////////', '/29///////', '////////', '/13///////', '////////', '/2///////', '////////', '///////25/', '////////', '/43.5///////', '///////16/', '/27.5///////', '////////', '/32///////', '///////18/', '///////8/', '////////'),
(1001, '///////305/', '////////', '/32///////', '////////', '/29///////', '////////', '/13///////', '////////', '/2///////', '////////', '///////25/', '////////', '/43.5///////', '///////16/', '/27.5///////', '////////', '/32///////', '///////18/', '///////8/', '////////'),
(1005, '///////290/', '////////', '/32///////', '////////', '/29///////', '////////', '/13///////', '////////', '/2///////', '////////', '///////25/', '////////', '/43.5///////', '///////16/', '/27.5///////', '////////', '/32///////', '///////18/', '///////8/', '////////'),
(1003, '///////290/', '////////', '/32///////', '////////', '/29///////', '////////', '/13///////', '////////', '/2///////', '////////', '///////25/', '////////', '/43.5///////', '///////16/', '/27.5///////', '////////', '/32///////', '///////18/', '///////8/', '////////'),
(1000, '///////545/', '////////', '/36///////', '////////', '/20///////', '////////', '/22///////', '////////', '/2///////', '////////', '///////37/', '////////', '/30///////', '///////36/', '/32///////', '////////', '/36///////', '///////40/', '///////8/', '////////'),
(2005, '///////290/', '////////', '/36///////', '////////', '/20///////', '////////', '/22///////', '////////', '/2///////', '////////', '///////37/', '////////', '/30///////', '///////36/', '/32///////', '////////', '/36///////', '///////40/', '///////8/', '////////');

INSERT INTO `Upgrade` (`id`, `hp`, `strength`, `dexterity`, `speed`, `magicSkill`) VALUES
(1000, 0, 0, 0, 0, 0),
(1001, 0, 0, 0, 0, 0),
(1002, 0, 0, 0, 0, 0),
(1003, 0, 0, 0, 0, 0),
(1004, 0, 0, 0, 0, 0),
(1005, 0, 0, 0, 0, 0),
(1006, 0, 0, 0, 0, 0),
(2000, 0, 0, 0, 0, 0),
(2001, 0, 0, 0, 0, 0),
(2002, 0, 0, 0, 0, 0),
(2003, 0, 0, 0, 0, 0),
(2004, 0, 0, 0, 0, 0),
(2005, 0, 0, 0, 0, 0),
(2006, 0, 0, 0, 0, 0);